,round_epochs,val_loss,val_acc,loss,acc,batch_size,optimizer
0,20,0.03853034752529937,0.9851948081672965,0.0466852539644337,0.9819126387366813,32,adam
1,20,0.04479658851375828,0.9825974114529499,0.05111328283155995,0.9802938529313838,32,adadelta
2,20,0.06942507556893608,0.9703896163345931,0.12819270434423208,0.9553089346720542,32,rmsprop
3,20,0.11608596738282737,0.9496103964842759,0.14521823122415206,0.9385911031640704,32,sgd
4,20,0.034926083480769934,0.9857142956225903,0.042467691888024794,0.9835261811785352,64,adam
5,20,0.03851456843413316,0.9846753306203074,0.049020505205107597,0.9806952751341195,64,adadelta
6,20,0.05853870153040081,0.9812987191336495,0.07451540556214979,0.9737347668539926,64,rmsprop
7,20,0.15116956504908474,0.9340259957623173,0.18041966845048438,0.9224977306426393,64,sgd
